Metric,Cross-Validation (CV),Test Set
Accuracy,,0.9212962962962963
Precision,,0.6847826086956522
Recall,,0.9264705882352942
F1 Score,,0.7875
AUC-ROC,0.9950599281832299,0.9638009049773756
