Model,Accuracy,Precision,Recall,F1 Score,AUC-ROC (CV),AUC-ROC (Test)
SVM,0.8715277777777778,0.5416666666666666,0.9069767441860465,0.6782608695652174,0.9407131635416135,0.9573801613668723
Random Forest,0.9965277777777778,0.9772727272727273,1.0,0.9885057471264368,0.9998582230623818,1.0
KNN,0.9375,0.7192982456140351,0.9534883720930233,0.82,0.9945567714453585,0.973469387755102
XGBoost,1.0,1.0,1.0,1.0,1.0,1.0
